age_months,L,M,S,p3,p15,p50,p85,p97,mean,sd
24.0,0.941523967,86.45220101,0.040321528,79.91084447,82.8437834203866,86.45220101,90.06944965476885,93.02265441,86.45220101,3.4858848436863434
24.5,1.00720807,86.86160934,0.040395626,80.26037074,83.22438503924508,86.86160934,90.49773582738544,93.45923029,86.86160934,3.5088290846567465
25.5,0.837251351,87.65247282,0.040577525,81.0052937,83.97890578380286,87.65247282,91.3512747080436,94.38278047,87.65247282,3.5567204071653706
26.5,0.681492975,88.42326434,0.040723122,81.7341574,84.71641591702341,88.42326434,92.18028632448859,95.27761711,88.42326434,3.6008713813560695
27.5,0.538779654,89.17549228,0.040833194,82.44845648,85.4383797253816,89.17549228,92.98627074615318,96.14511823,89.17549228,3.6413201763147427
28.5,0.407697153,89.91040853,0.040909059,83.14944982,86.14599368725759,89.91040853,93.77055884469839,96.98662531,89.91040853,3.678150207267873
29.5,0.286762453,90.62907762,0.040952433,83.83819399,86.84024934715009,90.62907762,94.53435813392915,97.8034532,90.62907762,3.71148122908485
30.5,0.174489485,91.33242379,0.04096533,84.51558277,87.5219806236923,91.33242379,95.27878701041323,98.59690538,91.33242379,3.741462880257201
31.5,0.069444521,92.02127167,0.040949976,85.18238019,88.19190446974835,92.02127167,96.00490302954677,99.36828331,92.02127167,3.76826886637598
32.5,-0.029720564,92.69637946,0.040908737,85.83925011,88.85065496024431,92.69637946,96.71372564603041,100.1188932,92.69637946,3.7920918081813424
33.5,-0.124251789,93.35846546,0.040844062,86.48678276,89.49881123002868,93.35846546,97.40625447133748,100.8500508,93.35846546,3.813138951473099
34.5,-0.215288396,94.00822923,0.040758431,87.12551862,90.13692106842194,94.00822923,98.08348330233409,101.5630853,94.00822923,3.8316279245031377
35.5,-0.30385434,94.64636981,0.040654312,87.75596799,90.7655208989647,94.64636981,98.7464116543672,102.2593402,94.64636981,3.8477830479231203
36.5,-0.390918369,95.27359106,0.04053412,88.37863651,91.38514897268415,95.27359106,99.39604927904342,102.940182,95.27359106,3.8618311728569674
37.5,-0.254801167,95.91474929,0.040572876,88.93297086,91.98563012558664,95.91474929,100.05677311057597,103.5982668,95.91474929,3.8915372295142583
38.5,-0.125654535,96.54734328,0.04061691,89.47916294,92.57764682504204,96.54734328,100.70968241600032,104.2502776,96.54734328,3.921454752742865
39.5,-0.00316735,97.17191309,0.040666414,90.01765704,93.16168141273384,97.17191309,101.35533922949745,104.8967054,97.17191309,3.9516332468899593
40.5,0.11291221,97.78897727,0.040721467,90.54890623,93.73820949924507,97.78897727,101.99427729111999,105.5380208,97.78897727,3.982110610864055
41.5,0.222754969,98.3990283,0.040782045,91.07337426,94.30769748838175,98.3990283,102.62700024248961,106.1746779,98.3990283,4.012913600086874
42.5,0.326530126,99.00254338,0.040848042,91.59152368,94.87060503782075,99.00254338,103.25398787450031,106.8071048,99.00254338,4.044060050093062
43.5,0.42436156,99.599977,0.040919281,92.10382052,95.42738110428168,99.599977,103.8756934208252,107.4357106,99.599977,4.075559446456537
44.5,0.516353108,100.191764,0.040995524,92.6107295,95.97846424371471,100.191764,104.4925454681332,108.0608826,100.191764,4.107413865664336
45.5,0.602595306,100.7783198,0.041076485,93.11271174,96.52428129131978,100.7783198,105.10494889721639,108.6829866,100.7783198,4.139619141589903
46.5,0.683170764,101.3600411,0.041161838,93.61022262,97.06524698881015,101.3600411,105.71328590468012,109.3023669,101.3600411,4.172165591431542
47.5,0.758158406,101.9373058,0.041251224,94.10370972,97.60176297149512,101.9373058,106.31791620063869,109.9193463,101.9373058,4.2050386355123
48.5,0.827636736,102.5104735,0.041344257,94.59361093,98.13421742235057,102.5104735,106.91917778592887,110.5342263,102.5104735,4.23821936157569
49.5,0.891686306,103.0798852,0.041440534,95.08035263,98.66298354091546,103.0798852,107.51738739015839,111.1472879,103.0798852,4.271685487346697
50.5,0.95039153,103.645864,0.041539635,95.56434805,99.18842002309468,103.645864,108.11284093913082,111.7587911,103.645864,4.30541135981964
51.5,1.003830006,104.208713,0.041641136,96.04599748,99.71086866566966,104.208713,108.70581368510071,112.3689778,104.208713,4.339369190417968
52.5,1.05213569,104.7687256,0.041744602,96.52567713,100.23065865468631,104.7687256,109.29656405219492,112.9780622,104.7687256,4.373528752219211
53.5,1.0953669,105.3261638,0.041849607,97.00375833,100.74809654587837,105.3261638,109.88532569323142,113.5862516,105.3261638,4.407858561847626
54.5,1.133652119,105.8812823,0.041955723,97.48058355,101.26347597596329,105.8812823,110.47231737442749,114.1937245,105.8812823,4.442325751063603
55.5,1.167104213,106.4343146,0.042062532,97.95647862,101.7770713909953,106.4343146,111.05773790073897,114.800644,106.4343146,4.476896763760567
56.5,1.195845353,106.9854769,0.042169628,98.43174768,102.28913891790855,106.9854769,111.64176791709909,115.4071549,106.9854769,4.511537762275593
57.5,1.220004233,107.534968,0.042276619,98.90667254,102.79991615704384,107.534968,112.22457020314191,116.0133837,107.534968,4.546214871313192
58.5,1.239715856,108.0829695,0.042383129,99.3815118,103.3096220060387,108.0829695,112.80629003943899,116.6194398,108.0829695,4.580894439021566
59.5,1.255121285,108.6296457,0.042488804,99.85650001,103.81845574749231,108.6296457,113.38705571704787,117.2254154,108.6296457,4.615543724736742
60.5,1.266367398,109.1751441,0.042593311,100.331847,104.32659750027048,109.1751441,113.96697891075924,117.831386,109.1751441,4.650130866121115
61.5,1.273606657,109.7195954,0.042696342,100.8077371,104.83420763322043,109.7195954,114.54615509292947,118.4374113,109.7195954,4.684625369300027
62.5,1.276996893,110.2631136,0.042797615,101.2843288,105.34142661958124,110.2631136,115.12466372930925,119.0435349,110.2631136,4.718998284554064
63.5,1.276701119,110.8057967,0.042896877,101.7617545,105.8483752404712,110.8057967,115.70256933533344,119.6497853,110.8057967,4.753222631926906
64.5,1.272887366,111.3477265,0.042993904,102.2401199,106.35515428156884,111.3477265,116.27992126574362,120.2561762,111.3477265,4.787273463759256
65.5,1.265728536,111.8889694,0.043088503,102.719504,106.86184496400625,111.8889694,116.85675478399514,120.8627069,111.8889694,4.821128193658808
66.5,1.255402281,112.4295761,0.043180513,103.1999595,107.36850844827323,112.4295761,117.43309088061592,121.4693629,112.4295761,4.854766772370539
67.5,1.242090871,112.9695827,0.043269806,103.6815122,107.87518668846965,112.9695827,118.0089375675219,122.0761162,112.9695827,4.888171927329957
68.5,1.225981067,113.5090108,0.043356287,104.164162,108.38190246115316,113.5090108,118.58429002422905,122.682926,113.5090108,4.9213292493309
69.5,1.207263978,114.0478678,0.043439893,104.6478827,108.8886597201416,114.0478678,119.15913084711907,123.2897392,114.0478678,4.954227174110145
70.5,1.186140222,114.5861486,0.043520597,105.1326221,109.39544406915498,114.5861486,119.73343175357076,123.8964899,114.5861486,4.986857595002714
71.5,1.162796198,115.1238315,0.043598407,105.6183068,109.90222175533742,115.1238315,120.30715193761863,124.5031042,115.1238315,5.01921566113642
72.5,1.137442868,115.6608862,0.043673359,106.1048359,110.4089434808012,115.6608862,120.88024127582882,125.1094938,115.6608862,5.051299405270746
73.5,1.110286487,116.1972691,0.043745523,106.592087,110.9155426645876,116.1972691,121.45263950045249,125.7155618,116.1972691,5.083110307951239
74.5,1.081536236,116.732925,0.043815003,107.0799166,111.42193613929464,116.732925,122.02427720602338,126.3212019,116.732925,5.114653459073774
75.5,1.05140374,117.2677879,0.043881929,107.5681606,111.92802593410846,117.2677879,122.5950758687319,126.926299,117.2677879,5.145936742614859
76.5,1.020102497,117.8017819,0.043946461,108.0566359,112.43369972034898,117.8017819,123.16494941948714,127.5307299,117.8017819,5.176971413998856
77.5,0.987847213,118.3348215,0.044008785,108.5451423,112.93883166979658,118.3348215,123.73380424489554,128.134364,118.3348215,5.207771717406878
78.5,0.954853043,118.8668123,0.044069112,109.0334636,113.44328334762905,118.8668123,124.30153997868722,128.737064,118.8668123,5.2383548643316775
79.5,0.921334742,119.397652,0.044127675,109.5213695,113.94690515113498,119.397652,124.86805037265444,129.3386866,119.397652,5.2687407832190996
80.5,0.887505723,119.9272309,0.044184725,110.0086174,114.44953741114335,119.9272309,125.433223525103,129.9390834,119.9272309,5.298951717328003
81.5,0.85357703,120.455433,0.044240532,110.4949545,114.95101146227924,120.455433,125.99694336442028,130.5381015,120.455433,5.329012438210356
82.5,0.819756239,120.9821362,0.044295379,110.9801192,115.45115072790844,120.9821362,126.55908932601726,131.1355844,120.9821362,5.35894957520862
83.5,0.786246296,121.5072136,0.044349559,111.4638437,115.94977249688336,121.5072136,127.11953754806785,131.7313729,121.5072136,5.388791338478802
84.5,0.753244292,122.0305342,0.044403374,111.9458554,116.44668888717828,122.0305342,127.67816169548655,132.3253057,122.0305342,5.418567449502391
85.5,0.720940222,122.5519634,0.04445713,112.4258796,116.9417081196474,122.5519634,128.23483306265223,132.9172205,122.5519634,5.448308568629042
86.5,0.689515708,123.0713645,0.044511135,112.9036412,117.43463637956569,123.0713645,128.7894220977864,133.5069548,123.0713645,5.478046119893707
87.5,0.659142731,123.588599,0.044565693,113.3788664,117.92527903670579,123.588599,129.34179814619637,134.0943467,123.588599,5.507811561334107
88.5,0.629997853,124.1035312,0.044621104,113.8512827,118.41344317955156,124.1035312,129.89183238656514,134.6792321,124.1035312,5.5376365724424454
89.5,0.602203984,124.6160161,0.044677662,114.3206308,118.89893399745905,124.6160161,130.4393926936722,135.2614591,124.6160161,5.567552247102358
90.5,0.575908038,125.1259182,0.044735646,114.7866522,119.3815636872251,125.1259182,130.98435182510772,135.8408704,125.1259182,5.597588782020157
91.5,0.55123134,125.6331012,0.044795322,115.2491001,119.86114791459505,125.6331012,131.5265834906493,136.4173156,125.6331012,5.627775222112586
92.5,0.528279901,126.1374319,0.044856941,115.7077388,120.33750848283849,126.1374319,132.065964817931,136.9906494,126.1374319,5.658139340629817
93.5,0.507143576,126.6387804,0.04492073,116.1623461,120.81047483475481,126.6387804,132.6023754763644,137.5607324,126.6387804,5.688706461877692
94.5,0.487895344,127.1370217,0.044986899,116.6127146,121.27988484281757,127.1370217,133.13570037907868,138.1274323,127.1370217,5.719500354378708
95.5,0.470590753,127.6320362,0.045055632,117.0586529,121.74558658352062,127.6320362,133.6658290757248,138.6906245,127.6320362,5.7505420544378785
96.5,0.455267507,128.1237104,0.045127088,117.4999879,122.2074390189949,128.1237104,134.1926566684736,139.2501934,128.1237104,5.781849954107315
97.5,0.441945241,128.6119383,0.045201399,117.9365657,122.66531371759447,128.6119383,134.71608503530797,139.8060325,128.6119383,5.813439539261681
98.5,0.430625458,129.096622,0.045278671,118.3682526,123.11909541342547,129.096622,135.23602360434091,140.3580462,129.096622,5.845323474749362
99.5,0.421291648,129.5776723,0.045358979,118.794937,123.56868333252555,129.5776723,135.75238928437878,140.9061502,129.5776723,5.877510916724582
100.5,0.413909588,130.0550101,0.045442372,119.2165297,124.01399196856191,130.0550101,136.26510858170508,141.4502723,130.0550101,5.9100081494279575
101.5,0.408427813,130.5285669,0.045528869,119.6329654,124.45495215631222,130.5285669,136.77411752032017,141.9903534,130.5285669,5.942818023147836
102.5,0.404778262,130.9982857,0.045618459,120.0442031,124.89151199248865,130.9982857,137.2793625054561,142.5263486,130.9982857,5.975939925275736
103.5,0.402877077,131.4641218,0.045711105,120.450227,125.32363711640329,131.4641218,137.780801624444,143.0582274,131.4641218,6.009370275332588
104.5,0.402625561,131.9260439,0.045806742,120.8510473,125.75131204486281,131.9260439,138.27840540971283,143.5859753,131.9260439,6.043102256007973
105.5,0.40391127,132.3840348,0.045905281,121.2467001,126.17454031401302,132.3840348,138.7721580043635,144.109594,132.3840348,6.077126317407778
106.5,0.406609232,132.838092,0.046006604,121.6372483,126.59334570042755,132.838092,139.26205694082606,144.6291028,132.838092,6.111429494759568
107.5,0.410583274,133.2882291,0.046110573,122.0227817,127.00777232020334,133.2882291,139.7481157145503,145.1445387,133.2882291,6.145996617956274
108.5,0.415687443,133.7344759,0.046217028,122.4034171,127.41788492648999,133.7344759,140.23036343479674,145.6559581,133.7344759,6.1808100172356255
109.5,0.421767514,134.1768801,0.04632579,122.7792983,127.82377003989622,134.1768801,140.70884684334365,146.1634368,134.1768801,6.215849970367779
110.5,0.428662551,134.6155076,0.046436662,123.1505962,128.22553598853605,134.6155076,141.18363057172454,146.6670713,134.6155076,6.251094826379631
111.5,0.436206531,135.0504433,0.04654943,123.5175084,128.62331339862007,135.0504433,141.65479790701082,147.1669794,135.0504433,6.28652115686232
112.5,0.44423,135.4817925,0.046663871,123.8802592,129.01725527611683,135.4817925,142.12245318423868,147.6633011,135.4817925,6.322104888068768
113.5,0.45256176,135.9096813,0.046779748,124.2390993,129.4075378727771,135.9096813,142.5867212538838,148.1561991,135.9096813,6.357820641974312
114.5,0.461030578,136.3342577,0.046896817,124.5943049,129.79436055876977,136.3342577,143.04774939541514,148.6458598,136.3342577,6.393642734187741
115.5,0.469466904,136.7556923,0.047014827,124.9461775,130.17794623842943,136.7556923,143.5057077955032,149.132494,136.7556923,6.429545214749732
116.5,0.477704608,137.1741794,0.047133525,125.2950434,130.5585414290953,137.1741794,143.96079115735506,149.6163372,137.1741794,6.465502614104386
117.5,0.48558272,137.5899378,0.047252654,125.6412524,130.93641699032392,137.5899378,144.41321896806082,150.0976507,137.5899378,6.501489724744921
118.5,0.492947182,138.0032114,0.047371961,125.9851773,131.3118672492605,138.0032114,144.86323699918316,150.5767217,138.0032114,6.537482748315555
119.5,0.499652617,138.4142703,0.047491194,126.3272131,131.68521109417114,138.4142703,145.31111771475256,151.0538639,138.4142703,6.573458963185738
120.5,0.505564115,138.8234114,0.047610108,126.6677753,132.0567913129965,138.8234114,145.75716145386886,151.5294179,138.8234114,6.609397609682431
121.5,0.510559047,139.2309592,0.047728463,127.0072991,132.426975208027,139.2309592,146.20169663288084,152.0037511,139.2309592,6.645279684631709
122.5,0.514528903,139.6372663,0.04784603,127.3462381,132.79615377820338,139.6372663,146.64508079121137,152.4772579,139.6372663,6.681088832507788
123.5,0.517381177,140.042714,0.047962592,127.6850624,133.16474166502852,140.042714,147.0877009871757,152.9503596,140.042714,6.716811554154687
124.5,0.519041285,140.4477127,0.048077942,128.0242572,133.53317731227344,140.4477127,147.52997351463355,153.4235035,140.4477127,6.752436985223263
125.5,0.519454524,140.8527022,0.048191889,128.3643208,133.90192187682504,140.8527022,147.97234467884553,153.8971624,140.8527022,6.787957789772457
126.5,0.518588072,141.2581515,0.048304259,128.7057627,134.2714583474447,141.2581515,148.4152902860264,154.3718335,141.2581515,6.823370335917239
127.5,0.516433004,141.6645592,0.048414893,129.0491015,134.64229165185148,141.6645592,148.85931529210697,154.8480367,141.6645592,6.858674475560166
128.5,0.513006312,142.072452,0.048523648,129.394862,135.01494652636185,142.072452,149.30495188144295,155.3263129,142.072452,6.893873651344896
129.5,0.508352901,142.4823852,0.048630402,129.7435732,135.38996671002704,142.4823852,149.75276023884868,155.8072211,142.4823852,6.928975670194851
130.5,0.502547502,142.8949403,0.04873505,130.095765,135.76791268517368,142.8949403,150.20332491750435,156.2913356,142.8949403,6.963992060267516
131.5,0.495696454,143.3107241,0.048837504,130.4519655,136.14936029821158,143.3107241,150.65725338566688,156.7792423,143.3107241,6.998938061476645
132.5,0.487939275,143.7303663,0.048937694,130.8126976,136.53489784998771,143.7303663,151.11517317094356,157.2715342,143.7303663,7.033832684497311
133.5,0.479449924,144.1545167,0.049035564,131.1784756,136.92512359002163,144.1545167,151.57772786245133,157.7688063,144.1545167,7.068698029531918
134.5,0.470437652,144.5838414,0.049131073,131.5498015,137.3206416180056,144.5838414,152.04557288378064,158.27165,144.5838414,7.103559266443822
135.5,0.461147305,145.0190192,0.049224189,131.9271616,137.7220590991123,145.0190192,152.5193704951414,158.7806462,145.0190192,7.138443609695429
136.5,0.451858946,145.4607359,0.049314887,132.311022,138.1299810388213,145.4607359,152.99978331739032,159.2963578,145.4607359,7.173379753845344
137.5,0.442886661,145.9096784,0.049403145,132.7018251,138.54500531888226,145.9096784,153.48746749275858,159.8193221,145.9096784,7.208396998898568
138.5,0.434576385,146.3665278,0.049488934,133.0999854,138.96771786067598,146.3665278,153.98306405246797,160.3500415,146.3665278,7.2435234341033645
139.5,0.427302633,146.8319513,0.049572216,133.5058853,139.39868569930366,146.8319513,154.48719048699806,160.8889743,146.8319513,7.278785205545081
140.5,0.421464027,147.3065929,0.049652935,133.9198714,139.83845019435853,147.3065929,155.00043022912632,161.4365245,147.3065929,7.314204682335162
141.5,0.417477538,147.7910635,0.049731004,134.34225,140.28752054543438,147.7910635,155.5233211606906,161.993032,147.7910635,7.349797970082754
142.5,0.415771438,148.2859294,0.0498063,134.773284,140.74636490210156,148.2859294,156.05634399531775,162.5587616,148.2859294,7.385573485475219
143.5,0.416777012,148.7917006,0.04987865,135.2131887,141.21540292319168,148.7917006,156.59990934866147,163.133893,148.7917006,7.42152915713219
144.5,0.420919142,149.3088178,0.049947823,135.6621289,141.694996522794,149.3088178,157.15434469016157,163.7185106,149.3088178,7.45765040381365
145.5,0.428606007,149.8376391,0.050013518,136.1202156,142.18544121951672,149.8376391,157.7198806162791,164.3125939,149.8376391,7.493907460205353
146.5,0.440218167,150.3784267,0.050075353,136.5875035,142.68695761339984,150.3784267,158.2966375026915,164.9160089,150.3784267,7.530252800587125
147.5,0.456097443,150.9313331,0.050132858,137.0639883,143.19968201130712,150.9313331,158.88461241328466,165.5285004,150.9313331,7.566619090053
148.5,0.476536014,151.4963887,0.050185471,137.5496052,143.72365808870998,151.4963887,159.48366802458338,166.1496863,151.4963887,7.6029176217085785
149.5,0.501766234,152.0734897,0.050232532,138.0442266,144.25882922308494,152.0734897,160.09352148749264,166.7790531,152.0734897,7.639036437706921
150.5,0.531951655,152.6623878,0.050273285,138.5476617,144.80503130947295,152.6623878,160.71373629321,167.4159536,152.6623878,7.674839730649923
151.5,0.567179725,153.2626819,0.050306885,139.0596548,145.361986576253,153.2626819,161.34371675558256,168.0596069,153.2626819,7.710168113134881
152.5,0.607456565,153.8738124,0.050332406,139.5798855,145.92929946252883,153.8738124,161.98270497441055,168.7091009,153.8738124,7.744839198484635
153.5,0.652704121,154.495058,0.05034886,140.1079685,146.50645278221978,154.495058,162.629781696798,169.3633976,154.495058,7.7786500459338805
154.5,0.702759868,155.1255365,0.050355216,140.6434536,147.09280716123652,155.1255365,163.28387079576046,170.0213408,155.1255365,7.811379897573385
155.5,0.757379106,155.7642086,0.050350423,141.1858268,147.68760206642474,155.7642086,163.94374691242587,170.6816665,155.7642086,7.842793791270237
156.5,0.816239713,156.4098858,0.050333444,141.7345116,148.28995824420176,156.4098858,164.6080485634858,171.3430163,156.4098858,7.8726482279606955
157.5,0.878947416,157.0612415,0.050303283,142.2888712,148.89888384520324,157.0612415,165.27529321646125,172.0039535,157.0612415,7.900696079505844
158.5,0.945053486,157.7168289,0.050259018,142.8482077,149.5132829135954,157.7168289,165.94389771261885,172.662978,157.7168289,7.92669294258802
159.5,1.014046108,158.3750929,0.050199837,143.4117718,150.13196280577847,158.3750929,166.6121982840247,173.3185527,158.3750929,7.950403848439857
160.5,1.085383319,159.034399,0.050125062,143.9787585,150.7536500870372,159.034399,167.2784775661647,173.9691164,159.034399,7.971609110007738
161.5,1.158487278,159.6930501,0.05003418,144.5483179,151.37700155253077,159.6930501,167.9409880869012,174.6131123,159.6930501,7.990110813452417
162.5,1.232768816,160.3493168,0.049926861,145.1195552,152.0006229803827,160.3493168,168.59798137985422,175.2490052,160.3493168,8.005738051318565
163.5,1.307628899,161.0014586,0.049802977,145.6915401,152.62308362379562,161.0014586,169.24773251658752,175.8753066,161.0014586,8.018351939622253
164.5,1.382473225,161.6477515,0.04966261,146.2633119,153.2429353011767,161.6477515,169.8885668297053,176.490594,161.6477515,8.027849240121416
165.5,1.456720479,162.2865119,0.049506051,146.8338868,153.85873064067658,162.2865119,170.51888265712853,177.0935299,162.2865119,8.034164334733507
166.5,1.529810247,162.9161202,0.049333801,147.4022657,154.46904066745208,162.9161202,171.13717426516826,177.6828795,162.9161202,8.03727145363888
167.5,1.601219573,163.535045,0.049146553,147.9674393,155.07247433059652,163.535045,171.74205066949426,178.2575211,163.535045,8.037183756449885
168.5,1.670433444,164.1418486,0.04894519,148.5284089,155.66768810818857,164.1418486,172.33224685583968,178.8164693,164.1418486,8.033953966678235
169.5,1.736995571,164.7352199,0.048730749,149.0841789,156.25340977464535,164.7352199,172.90664213926746,179.3588685,164.7352199,8.027670652406705
170.5,1.800483802,165.3139755,0.048504404,149.6337753,156.82844614599964,165.3139755,173.46426359553843,179.8840066,165.3139755,8.018455854498102
171.5,1.860518777,165.8770715,0.048267442,150.1762526,157.39169521377002,165.8770715,174.00429298210608,180.3913154,165.8770715,8.006461927756103
172.5,1.916765525,166.4236087,0.04802123,150.7107013,157.94215577803195,166.4236087,174.52606677062855,180.8803698,166.4236087,7.9918663908127
173.5,1.968934444,166.9528354,0.047767192,151.2362566,158.4789337189073,166.9528354,175.02907550812844,181.3508837,166.9528354,7.974868143496197
174.5,2.016781776,167.4641466,0.047506783,151.7521046,159.00124601715035,167.4641466,175.5129590603936,181.8027041,167.4641466,7.955682872806387
175.5,2.060109658,167.9570814,0.047241456,152.2574887,159.5084249247656,167.9570814,175.9774989186779,182.2358034,167.9570814,7.934537070846519
176.5,2.098765817,168.4313175,0.04697265,152.7517151,159.99991603241943,168.4313175,176.42261101200629,182.6502694,168.4313175,7.911665325966375
177.5,2.132642948,168.8866644,0.046701759,153.2341567,160.4752789645204,168.8866644,176.8483340569912,183.0462946,168.8866644,7.88730429912268
178.5,2.16167779,169.3230548,0.046430122,153.7042563,160.9341828076306,169.3230548,177.25481952135922,183.4241646,169.3230548,7.861690091776685
179.5,2.185849904,169.7405351,0.046159004,154.1615288,161.37640254420708,169.7405351,177.64231915959775,183.7842466,169.7405351,7.835054038643039
180.5,2.205180153,170.139255,0.045889585,154.6055622,161.80181327932803,170.139255,178.01117292618082,184.1269767,170.139255,7.807619804159174
181.5,2.219728869,170.5194567,0.045622955,155.0360175,162.2103830143829,170.5194567,178.36179745983023,184.4528488,170.5194567,7.779601499648549
182.5,2.2295937,170.881464,0.045360101,155.452628,162.6021668164938,170.881464,178.69467311020824,184.7624031,170.881464,7.751200466067863
183.5,2.234907144,171.2256717,0.045101913,155.8551976,162.9772976493392,171.2256717,179.01033443342268,185.0562159,171.2256717,7.722605348379962
184.5,2.235833767,171.5525345,0.044849174,156.243598,163.33597963300048,171.5525345,179.30935746966023,185.3348893,171.5525345,7.693989469931503
185.5,2.232567138,171.8625576,0.044602566,156.6177662,163.67847978176889,171.8625576,179.5923514555159,185.5990431,171.8625576,7.665511068282802
186.5,2.2253265,172.1562865,0.044362674,156.9777005,164.00511920016888,172.1562865,179.85994935170766,185.8493063,172.1562865,7.6373132150501
187.5,2.214353232,172.4342983,0.044129985,157.3234565,164.31626648761346,172.4342983,180.11279907182848,186.0863109,172.4342983,7.609522997464524
188.5,2.199905902,172.6971935,0.043904897,157.6551432,164.61232980015936,172.6971935,180.35155710322664,186.3106859,172.6971935,7.582252492806569
189.5,2.182262864,172.9455898,0.043687723,157.9729166,164.8937500912129,172.9455898,180.57688209492528,186.5230505,172.9455898,7.555599021254025
190.5,2.161704969,173.180112,0.043478698,158.2769793,165.16099378381557,173.180112,180.78942811705568,186.7240141,173.180112,7.529645789254177
191.5,2.138524662,173.4013896,0.043277987,158.5675712,165.41454725810934,173.4013896,180.98984177563426,186.914169,173.4013896,7.504463084890734
192.5,2.113023423,173.6100518,0.043085685,158.8449655,165.65491258653057,173.6100518,181.17875717775405,187.0940877,173.6100518,7.480108004688483
193.5,2.085490286,173.8067179,0.042901835,159.1094689,165.88259888956605,173.8067179,181.35679218669384,187.2643258,173.8067179,7.456627133237347
194.5,2.0562195,173.9919998,0.042726424,159.3614112,166.09812188587287,173.9919998,181.52454725015028,187.4254148,173.9919998,7.434055956062715
195.5,2.025496648,174.1664951,0.042559396,159.6011441,166.30199717982075,174.1664951,181.68260241845942,187.5778643,174.1664951,7.412420834892959
196.5,1.993598182,174.3307855,0.042400652,159.8290369,166.49473846801354,174.3307855,181.83151551427116,187.7221607,174.3307855,7.391738968872145
197.5,1.960789092,174.4854344,0.042250063,160.0454725,166.67685284608714,174.4854344,181.97182203132857,187.8587671,174.4854344,7.372020595982367
198.5,1.927320937,174.6309856,0.042107465,160.2508441,166.84884048879883,174.6309856,182.10403303070353,187.9881233,174.6309856,7.353268114067504
199.5,1.89343024,174.7679617,0.041972676,160.4455519,167.01118981470105,174.7679617,182.22863650524542,188.1106465,174.7679617,7.3354790316145095
200.5,1.859337259,174.8968634,0.041845488,160.6300005,167.16437817478894,174.8968634,182.34609530619431,188.2267311,174.8968634,7.318644598642339
201.5,1.825245107,175.0181691,0.041725679,160.8045956,167.30886900382256,175.0181691,182.45684882941478,188.3367503,175.0181691,7.302751943034319
202.5,1.791339209,175.1323345,0.041613015,160.9697424,167.4451108246409,175.1323345,182.56131293604682,188.4410559,175.1323345,7.287784462533518
203.5,1.757787065,175.2397926,0.041507249,161.1258433,167.57353717059587,175.2397926,182.6598797342394,188.5399798,175.2397926,7.273721706156557
204.5,1.724738292,175.340954,0.041408129,161.2732955,167.69456508256354,175.340954,182.75291923022905,188.6338345,175.340954,7.260540842215066
205.5,1.692324905,175.4362071,0.041315398,161.4124903,167.8085950066521,175.4362071,182.84077945540835,188.7229142,175.4362071,7.248216719946926
206.5,1.660661815,175.5259191,0.041228796,161.5438112,167.91601107420104,175.5259191,182.92378776003682,188.8074955,175.5259191,7.236722311286404
207.5,1.629847495,175.6104358,0.04114806,161.6676329,168.01718061054584,175.6104358,183.00225049073876,188.8878386,175.6104358,7.2260287489245485
208.5,1.599964788,175.690083,0.041072931,161.7843202,168.11245386894262,175.690083,183.07645556695795,188.9641878,175.690083,7.216106656443272
209.5,1.571081817,175.7651671,0.04100315,161.8942273,168.20216507025825,175.7651671,183.14667227136758,189.0367727,175.7651671,7.206925511376366
210.5,1.543252982,175.8359757,0.040938463,161.9976976,168.28663176791733,175.8359757,183.2131526302714,189.1058089,175.8359757,7.19845458526335
211.5,1.516519998,175.9027788,0.040878617,162.0950624,168.36615648508123,175.9027788,183.27613182013573,189.1714988,175.9027788,7.190662323800919
212.5,1.490912963,175.9658293,0.040823368,162.1866414,168.4410254564846,175.9658293,183.3358299824576,189.2340323,175.9658293,7.183517804939082
213.5,1.466451429,176.0253641,0.040772475,162.272742,168.5115105747353,176.0253641,183.39245217253708,189.2935878,176.0253641,7.176989757133147
214.5,1.44314546,176.081605,0.040725706,162.3536592,168.57786892403539,176.081605,183.44619024502734,189.3503326,176.081605,7.17104767723813
215.5,1.420996665,176.1347593,0.040682834,162.429676,168.64034390734707,176.1347593,183.49722264557727,189.4044237,176.1347593,7.165661174231857
216.5,1.399999187,176.1850208,0.04064364,162.501063,168.69916547019602,176.1850208,183.54571587797068,189.4560086,176.1850208,7.160800558787712
217.5,1.380140651,176.2325707,0.040607913,162.5680787,168.75455080329272,176.2325707,183.5918253370479,189.5052256,176.2325707,7.1564368987519495
218.5,1.361403047,176.2775781,0.040575448,162.6309697,168.80670505061946,176.2775781,183.63569537352257,189.5522044,176.2775781,7.1525417037624885
219.5,1.343763564,176.3202008,0.040546051,162.689971,168.85582101842502,176.3202008,183.67746093650914,189.5970671,176.3202008,7.149087853967041
220.5,1.327195355,176.3605864,0.040519532,162.7453061,168.9020814144631,176.3605864,183.7172473781539,189.6399279,176.3605864,7.146048424173564
221.5,1.311668242,176.3988725,0.040495713,162.7971876,168.94565745457197,176.3988725,183.75517202858646,189.6808943,176.3988725,7.143398114283594
222.5,1.297149359,176.4351874,0.040474421,162.8458172,168.98671074268287,176.4351874,183.79134359673895,189.7200672,176.4351874,7.1411120540414945
223.5,1.283603728,176.469651,0.040455493,162.8913862,169.02539312926194,176.469651,183.82586395075225,189.7575413,176.469651,7.139166730742943
224.5,1.270994782,176.5023751,0.040438773,162.9340759,169.0618474872856,176.5023751,183.85882783609216,189.7934056,176.5023751,7.137539480629751
225.5,1.25928483,176.533464,0.040424111,162.9740581,169.09620841371387,176.533464,183.89032327250948,189.8277438,176.533464,7.136208343950504
226.5,1.248435461,176.5630153,0.040411366,163.0114951,169.1286023920376,176.5630153,183.9204328905331,189.8606344,176.5630153,7.135152633351899
227.5,1.23840791,176.5911197,0.040400405,163.0465405,169.1591477432694,176.5911197,183.94923350711275,189.8921514,176.5911197,7.134352755283479
228.5,1.229163362,176.6178621,0.040391101,163.0793392,169.18795601585245,176.6178621,183.97679688084136,189.9223642,176.6178621,7.1337899064851715
229.5,1.220663228,176.6433219,0.040383334,163.1100283,169.2151320579162,176.6433219,184.00319017949911,189.9513383,176.6433219,7.133446267157214
230.5,1.212869374,176.6675729,0.04037699,163.1387368,169.24077408276722,176.6675729,184.02847567397382,189.9791351,176.6675729,7.133304824307571
231.5,1.20574431,176.6906844,0.040371962,163.1655866,169.2649745195849,176.6906844,184.05271204944137,190.0058126,176.6906844,7.133349596350793
232.5,1.199251356,176.712721,0.040368149,163.1906925,169.28781999111206,176.712721,184.07595400162566,190.0314253,176.712721,7.133565451523428
233.5,1.19335477,176.733743,0.040365456,163.2141625,169.30939168626148,176.733743,184.09825264382724,190.0560245,176.733743,7.133938126781809
234.5,1.188019859,176.753807,0.040363795,163.2360985,169.3297657413924,176.753807,184.11965630552254,190.0796588,176.753807,7.134454431217565
235.5,1.183213059,176.7729657,0.04036308,163.2565964,169.34901396724732,176.7729657,184.14020941051936,190.1023738,176.7729657,7.135101356386356
236.5,1.178901998,176.7912687,0.040363233,163.2757461,169.36720350409604,176.7912687,184.159954397704,190.1242124,176.7912687,7.1358671709037065
237.5,1.175055543,176.8087622,0.040364179,163.2936325,169.38439745634477,176.8087622,184.17893049804476,190.1452154,176.8087622,7.136740526209233
238.5,1.171643828,176.8254895,0.04036585,163.3103353,169.4006546337857,176.8254895,184.19717498350676,190.1654212,176.8254895,7.1377111853335755
239.5,1.16863827,176.8414914,0.04036818,163.3259293,169.41603086003622,176.8414914,184.21472267577607,190.1848658,176.8414914,7.138769156303651
240.0,1.167279219,176.8492322,0.040369574,163.3333326,169.42340470175392,176.8492322,184.22324559308797,190.1943135,176.8492322,7.139328166141082
